User-ID,ISBN,Book-Rating
6251,0060392452,10
6251,0060930535,0
6251,0060938455,0
6251,0060976845,0
6251,0060987103,0
6251,0061009059,7
6251,006101351X,0
6251,0140293248,0
6251,0312195516,0
6251,0312278586,0
6251,0312291639,0
6251,0312305060,0
6251,0316284955,0
6251,0345337662,0
6251,0345351525,0
6251,0345370775,0
6251,0345417623,0
6251,0375725784,4
6251,0375727345,6
6251,0380731851,0
6251,0380789035,7
6251,0385484518,7
6251,0385492081,0
6251,0439064872,0
6251,043935806X,9
6251,0440206154,7
6251,044021145X,0
6251,0440221471,0
6251,0440222656,7
6251,0440224675,6
6251,0440224764,0
6251,0446672211,0
6251,0449212602,0
6251,0553572997,0
6251,059035342X,0
6251,0671021001,0
6251,0671510053,0
6251,067976402X,8
6251,0743418174,0
6251,0786868716,0
6251,0804106304,0
6251,080410753X,0
6251,0971880107,0
6251,1400034779,0
6575,0060502258,8
6575,0060928336,8
6575,0060934417,9
6575,0060938455,0
6575,0060976845,0
6575,0060987103,9
6575,0061009059,0
6575,014028009X,4
6575,0140293248,8
6575,0142001740,8
6575,0312195516,8
6575,0312278586,0
6575,0316601950,0
6575,0316666343,0
6575,0316776963,8
6575,0375700757,0
6575,0375706771,7
6575,0375707972,0
6575,0375725784,7
6575,0375727345,0
6575,0380789035,0
6575,0385265700,0
6575,0385335482,5
6575,0385484518,6
6575,0385504209,0
6575,0385720106,7
6575,0385722206,9
6575,043935806X,0
6575,0440213525,0
6575,0440214041,0
6575,0440222656,0
6575,0440226430,0
6575,0440236673,0
6575,0446606812,2
6575,0446672211,8
6575,0452282152,6
6575,0452282829,0
6575,0553279912,7
6575,0671003755,0
6575,0671510053,0
6575,067976402X,7
6575,0679781587,9
6575,068484477X,0
6575,0743237188,0
6575,0743418174,0
6575,0804106304,9
6575,080410753X,8
6575,1400034779,9
7346,0060928336,0
7346,0060930535,0
7346,0060934417,0
7346,0060987103,7
7346,0061009059,0
7346,006101351X,0
7346,0140293248,0
7346,0312291639,0
7346,0316096199,8
7346,0316666343,0
7346,0316769487,0
7346,0345337662,0
7346,0345361792,9
7346,0345370775,8
7346,0345417623,0
7346,0375700757,0
7346,0375706771,0
7346,0375726403,8
7346,0375727345,0
7346,0380789035,0
7346,0385335482,0
7346,0385492081,0
7346,0440214041,0
7346,0440221471,9
7346,044022165X,0
7346,0440222656,0
7346,0440225701,10
7346,0440234743,9
7346,0440236673,8
7346,0440241073,8
7346,0446310786,0
7346,0446364193,0
7346,0446605239,0
7346,0446672211,0
7346,0671510053,0
7346,067976402X,0
7346,068484477X,0
7346,0684872153,7
7346,0743418174,0
7346,0786868716,7
7346,0804106304,9
7346,080410753X,8
11676,0060392452,0
11676,0060502258,8
11676,0060928336,0
11676,0060930535,0
11676,0060934417,0
11676,0060938455,10
11676,0060976845,0
11676,0060987103,9
11676,0061009059,8
11676,006101351X,8
11676,014028009X,8
11676,0140293248,5
11676,0142000205,8
11676,0142001740,0
11676,0156027321,6
11676,0312195516,10
11676,0312278586,6
11676,0312291639,9
11676,0312305060,9
11676,0316096199,10
11676,0316284955,0
11676,0316601950,0
11676,0316666343,5
11676,0316769487,0
11676,0316776963,8
11676,0345313860,8
11676,0345337662,6
11676,0345339681,0
11676,0345342968,0
11676,0345351525,0
11676,0345353145,0
11676,0345361792,10
11676,0345370775,8
11676,0345378490,9
11676,0345417623,10
11676,0345443284,0
11676,0375700757,0
11676,0375706771,6
11676,0375707972,9
11676,0375725784,0
11676,0375726403,7
11676,0375727345,7
11676,0380731851,6
11676,0380789035,0
11676,0385265700,7
11676,0385335482,10
11676,0385484518,9
11676,0385492081,0
11676,0385504209,9
11676,0385720106,8
11676,0385722206,9
11676,0439064872,8
11676,043935806X,0
11676,0440206154,0
11676,044021145X,1
11676,0440211727,0
11676,0440213525,5
11676,0440214041,0
11676,0440220602,0
11676,0440221471,9
11676,044022165X,0
11676,0440222656,1
11676,0440224675,8
11676,0440224764,0
11676,0440225701,8
11676,0440226430,7
11676,0440234743,9
11676,0440236673,8
11676,044023722X,8
11676,0440241073,8
11676,0446310786,0
11676,0446364193,8
11676,044651652X,8
11676,0446605239,6
11676,0446606812,0
11676,0446608955,7
11676,0446610038,10
11676,0446672211,10
11676,0449212602,10
11676,0452282152,0
11676,0452282829,10
11676,0553279912,0
11676,0553572997,7
11676,059035342X,10
11676,0671003755,1
11676,0671021001,0
11676,0671027360,0
11676,0671510053,9
11676,067976402X,10
11676,0679781587,0
11676,068484477X,4
11676,0684872153,9
11676,0743237188,6
11676,0743418174,8
11676,0786868716,9
11676,0804106304,0
11676,080410753X,8
11676,0842329129,9
11676,0971880107,6
11676,1400034779,0
13552,0060928336,0
13552,0060976845,0
13552,0061009059,0
13552,0156027321,0
13552,0316096199,0
13552,0316284955,0
13552,0316601950,0
13552,0345370775,0
13552,0345378490,0
13552,0385335482,0
13552,0385484518,10
13552,0385504209,10
13552,044021145X,0
13552,0440211727,9
13552,0440213525,0
13552,0440214041,9
13552,0440220602,7
13552,0440221471,8
13552,044022165X,8
13552,0440222656,0
13552,0440224764,9
13552,0440225701,0
13552,0440226430,0
13552,0440234743,8
13552,044023722X,0
13552,044651652X,8
13552,0446606812,0
13552,0449212602,0
13552,0671003755,0
13552,0671027360,0
13552,0671510053,0
13552,068484477X,0
13552,0743237188,0
13552,0743418174,10
13552,0786868716,9
16795,0060502258,0
16795,0060928336,0
16795,0060930535,4
16795,0060934417,0
16795,0060976845,7
16795,0061009059,9
16795,0142000205,9
16795,0142001740,10
16795,0312195516,9
16795,0312291639,9
16795,0312305060,8
16795,0316096199,0
16795,0316601950,0
16795,0316666343,10
16795,0316769487,8
16795,0316776963,0
16795,0345342968,8
16795,0345353145,0
16795,0345361792,0
16795,0345370775,0
16795,0345378490,7
16795,0345417623,5
16795,0345443284,0
16795,0375706771,7
16795,0375707972,5
16795,0375725784,0
16795,0375726403,4
16795,0375727345,9
16795,0385265700,0
16795,0385335482,0
16795,0385484518,0
16795,0385492081,5
16795,0385504209,10
16795,0385720106,9
16795,044021145X,0
16795,0440211727,0
16795,0440213525,5
16795,0440214041,6
16795,0440220602,0
16795,0440221471,0
16795,044022165X,5
16795,0440222656,9
16795,0440224675,5
16795,0440224764,0
16795,0440225701,0
16795,0440226430,9
16795,0440234743,0
16795,044023722X,0
16795,0446364193,8
16795,044651652X,9
16795,0446605239,10
16795,0446606812,0
16795,0446608955,8
16795,0446610038,9
16795,0446672211,8
16795,0452282152,0
16795,0452282829,0
16795,0553572997,0
16795,0671021001,10
16795,0671027360,0
16795,0671510053,5
16795,067976402X,0
16795,068484477X,7
16795,0743237188,9
16795,0743418174,9
16795,0786868716,8
16795,0804106304,0
16795,0842329129,9
16795,0971880107,0
17950,0060928336,0
17950,0060930535,0
17950,0060976845,0
17950,006101351X,0
17950,0140293248,0
17950,0142001740,0
17950,0316666343,0
17950,0316769487,9
17950,0345361792,0
17950,0345443284,4
17950,0375727345,0
17950,0385265700,0
17950,0385484518,8
17950,0385720106,0
17950,0440206154,0
17950,0440211727,5
17950,0440213525,5
17950,0440214041,0
17950,0446310786,8
17950,044651652X,9
17950,0446605239,6
17950,0446606812,0
17950,0446608955,10
17950,0446672211,0
17950,0452282829,5
17950,0671021001,0
17950,0671510053,0
17950,067976402X,0
17950,0679781587,9
17950,068484477X,0
17950,080410753X,0
17950,0971880107,0
21014,0060392452,0
21014,0060928336,8
21014,0060930535,0
21014,0060934417,0
21014,006101351X,0
21014,014028009X,0
21014,0140293248,8
21014,0142001740,0
21014,0312195516,9
21014,0312278586,7
21014,0312305060,8
21014,0316284955,7
21014,0316776963,0
21014,0345313860,0
21014,0345337662,0
21014,0345370775,5
21014,0345443284,0
21014,0375700757,8
21014,0375706771,0
21014,0375707972,4
21014,0375725784,0
21014,0375726403,8
21014,0375727345,0
21014,0380731851,0
21014,0380789035,0
21014,0385265700,0
21014,0385335482,0
21014,0385484518,0
21014,0385492081,0
21014,0385504209,0
21014,0385720106,0
21014,0385722206,8
21014,0439064872,9
21014,043935806X,0
21014,044021145X,0
21014,0440213525,0
21014,0440214041,0
21014,0440220602,0
21014,044022165X,0
21014,0440222656,0
21014,0440224675,0
21014,0440224764,0
21014,0440226430,0
21014,0440236673,0
21014,0446310786,0
21014,0446606812,0
21014,0446610038,0
21014,0452282152,8
21014,059035342X,0
21014,0671003755,0
21014,0671027360,0
21014,0671510053,8
21014,067976402X,7
21014,0679781587,0
21014,068484477X,0
21014,0684872153,0
21014,0743418174,0
21014,0786868716,0
21014,0804106304,0
21014,080410753X,0
21014,0842329129,0
23768,0060392452,0
23768,0060928336,0
23768,0060934417,8
23768,0060938455,0
23768,0060976845,0
23768,0061009059,8
23768,014028009X,0
23768,0156027321,0
23768,0312195516,0
23768,0312278586,0
23768,0312305060,0
23768,0316601950,0
23768,0316666343,7
23768,0316769487,0
23768,0316776963,0
23768,0345337662,0
23768,0345342968,0
23768,0345351525,0
23768,0345361792,0
23768,0375706771,0
23768,0375707972,0
23768,0375726403,0
23768,0375727345,0
23768,0385265700,0
23768,0385335482,0
23768,0385484518,0
23768,0385492081,0
23768,0385720106,0
23768,0385722206,0
23768,044021145X,0
23768,0440213525,0
23768,0440220602,0
23768,044022165X,0
23768,0440224675,0
23768,0440226430,0
23768,0440234743,0
23768,0440236673,0
23768,044023722X,0
23768,0440241073,0
23768,0446310786,0
23768,0446364193,0
23768,044651652X,0
23768,0446606812,0
23768,0446610038,0
23768,0446672211,0
23768,0452282829,0
23768,0553279912,0
23768,0553572997,0
23768,059035342X,0
23768,0671021001,0
23768,0671510053,0
23768,068484477X,0
23768,0743237188,0
23768,0743418174,7
23768,0786868716,0
23768,0804106304,0
23768,080410753X,0
23768,0842329129,0
23768,0971880107,0
26544,0060502258,0
26544,0060987103,0
26544,0061009059,0
26544,0312195516,9
26544,0316284955,0
26544,0345313860,0
26544,0345337662,0
26544,0345339681,0
26544,0345351525,0
26544,0345443284,5
26544,0385335482,0
26544,0385720106,0
26544,044021145X,0
26544,0440211727,0
26544,0440213525,0
26544,0440214041,0
26544,0440220602,0
26544,0440221471,0
26544,044022165X,0
26544,0440224675,0
26544,0440224764,0
26544,0440225701,0
26544,0440234743,0
26544,044023722X,0
26544,0440241073,0
26544,0446310786,0
26544,0446364193,0
26544,0446605239,0
26544,0446610038,0
26544,0446672211,5
26544,0452282152,10
26544,0553279912,0
26544,0553572997,0
26544,059035342X,0
26544,0671027360,0
26544,067976402X,0
26544,0743237188,0
26544,0842329129,0
31315,0060928336,0
31315,0060930535,0
31315,014028009X,0
31315,0140293248,0
31315,0142000205,9
31315,0142001740,0
31315,0312291639,0
31315,0316601950,0
31315,0316769487,0
31315,0316776963,0
31315,0345313860,10
31315,0345337662,0
31315,0345378490,0
31315,0345417623,0
31315,0375727345,9
31315,0385335482,0
31315,0385484518,0
31315,0385504209,0
31315,0385722206,0
31315,0440206154,0
31315,0440214041,6
31315,044022165X,0
31315,0440224675,0
31315,0440234743,10
31315,044651652X,0
31315,0446605239,0
31315,0446610038,0
31315,0452282152,0
31315,0452282829,0
31315,0553572997,0
31315,0671003755,0
31315,067976402X,0
31315,0679781587,0
31315,0786868716,0
31315,0804106304,0
31315,0971880107,0
35857,0060928336,0
35857,006101351X,0
35857,014028009X,0
35857,0142000205,0
35857,0156027321,0
35857,0312278586,5
35857,0312305060,0
35857,0316601950,9
35857,0316776963,0
35857,0345361792,0
35857,0345370775,9
35857,0345378490,7
35857,0345443284,8
35857,0375706771,8
35857,0375727345,5
35857,0385265700,0
35857,0385720106,0
35857,0440211727,0
35857,0440213525,0
35857,0440220602,0
35857,0440221471,0
35857,044022165X,5
35857,0440226430,3
35857,0440234743,0
35857,0446364193,0
35857,044651652X,0
35857,0446605239,0
35857,0446606812,0
35857,0446672211,0
35857,0452282829,0
35857,067976402X,0
35857,0679781587,0
35857,0743237188,0
35857,0743418174,6
35859,0060502258,7
35859,0060928336,0
35859,0060930535,0
35859,0060934417,9
35859,0060938455,0
35859,0060976845,0
35859,0061009059,10
35859,006101351X,0
35859,0142000205,0
35859,0142001740,9
35859,0156027321,0
35859,0312195516,10
35859,0312278586,8
35859,0316096199,0
35859,0316601950,0
35859,0316666343,6
35859,0345313860,0
35859,0345342968,10
35859,0345353145,0
35859,0345378490,0
35859,0345417623,0
35859,0345443284,0
35859,0375700757,7
35859,0375706771,0
35859,0375707972,6
35859,0375726403,0
35859,0375727345,0
35859,0380731851,0
35859,0380789035,0
35859,0385335482,0
35859,0385504209,0
35859,0385722206,8
35859,0439064872,0
35859,043935806X,0
35859,044021145X,10
35859,0440211727,0
35859,0440214041,0
35859,0440220602,0
35859,0440221471,0
35859,044022165X,0
35859,0440224675,0
35859,0440224764,0
35859,0440225701,0
35859,0440234743,0
35859,0440236673,0
35859,044023722X,0
35859,0440241073,0
35859,0446310786,0
35859,0446364193,0
35859,044651652X,0
35859,0446605239,0
35859,0446606812,0
35859,0446610038,7
35859,0446672211,0
35859,0449212602,0
35859,0452282152,0
35859,0452282829,0
35859,0553279912,0
35859,0553572997,0
35859,059035342X,10
35859,0671003755,0
35859,0671021001,0
35859,0671027360,0
35859,0671510053,0
35859,0679781587,0
35859,068484477X,10
35859,0743418174,7
35859,0804106304,8
35859,0842329129,9
35859,0971880107,0
35859,1400034779,0
36606,0060392452,0
36606,0060928336,9
36606,0060930535,0
36606,0060934417,0
36606,0060976845,0
36606,0060987103,0
36606,0142001740,10
36606,0156027321,0
36606,0312291639,10
36606,0312305060,5
36606,0316776963,0
36606,0345351525,0
36606,0345361792,0
36606,0375706771,0
36606,0375707972,0
36606,0375727345,0
36606,0385335482,0
36606,0385484518,0
36606,0385492081,0
36606,0440220602,10
36606,0440222656,0
36606,0440226430,0
36606,0440234743,0
36606,0446605239,10
36606,0446606812,0
36606,0446672211,0
36606,0449212602,9
36606,0452282152,0
36606,0553279912,0
36606,0671027360,0
36606,0671510053,0
36606,0679781587,5
36606,068484477X,0
36606,0786868716,10
36606,0842329129,0
36606,0971880107,0
36606,1400034779,0
36836,0060928336,0
36836,0060930535,0
36836,0060976845,0
36836,006101351X,0
36836,0140293248,0
36836,0142000205,0
36836,0316284955,0
36836,0316601950,0
36836,0316666343,0
36836,0345337662,0
36836,0345342968,0
36836,0345443284,0
36836,0375706771,0
36836,0375707972,0
36836,0375727345,0
36836,0380731851,0
36836,0385265700,0
36836,0385484518,0
36836,0385720106,0
36836,0440214041,0
36836,044022165X,0
36836,0440222656,0
36836,0440224675,0
36836,0440224764,0
36836,044651652X,0
36836,0446672211,0
36836,0449212602,0
36836,0452282152,0
36836,0553279912,0
36836,0553572997,0
36836,0671003755,0
36836,0671021001,0
36836,0671510053,0
36836,067976402X,0
36836,0679781587,0
36836,068484477X,0
36836,0743418174,0
36836,0804106304,0
36836,080410753X,0
36836,0842329129,0
36836,0971880107,0
39646,0060930535,0
39646,0060934417,0
39646,006101351X,0
39646,014028009X,0
39646,0142000205,0
39646,0312195516,0
39646,0312305060,0
39646,0316096199,0
39646,0316601950,10
39646,0316666343,9
39646,0345353145,0
39646,0345361792,0
39646,0345378490,0
39646,0345417623,0
39646,0345443284,0
39646,0375706771,0
39646,0375707972,0
39646,0375726403,0
39646,0380731851,0
39646,0385484518,0
39646,0385504209,9
39646,0440206154,0
39646,0440211727,10
39646,0440221471,0
39646,0440222656,0
39646,0440224675,0
39646,0440224764,0
39646,0440234743,0
39646,0440236673,0
39646,0446310786,0
39646,0446605239,0
39646,0446606812,0
39646,0446608955,0
39646,0446672211,0
39646,0452282152,0
39646,059035342X,0
39646,0671027360,0
39646,067976402X,0
39646,0679781587,0
39646,0743237188,0
39646,0804106304,0
39646,080410753X,0
39646,0971880107,0
39646,1400034779,0
40943,0060502258,0
40943,0060930535,0
40943,0060987103,0
40943,014028009X,0
40943,0142001740,0
40943,0312291639,0
40943,0316096199,0
40943,0316666343,0
40943,0345337662,0
40943,0345339681,0
40943,0345342968,0
40943,0345351525,0
40943,0345370775,0
40943,0375706771,0
40943,0375727345,0
40943,0385335482,10
40943,0385484518,0
40943,0385492081,0
40943,0439064872,0
40943,043935806X,0
40943,0440213525,0
40943,0440225701,0
40943,0440236673,0
40943,0446364193,0
40943,0446606812,0
40943,0446608955,0
40943,0446672211,0
40943,0452282829,0
40943,0553279912,0
40943,0671003755,5
40943,0671027360,0
40943,0671510053,0
40943,0684872153,0
40943,0743418174,10
40943,0842329129,0
40943,0971880107,0
43246,0060502258,0
43246,0060928336,0
43246,0060930535,0
43246,0060934417,0
43246,0060976845,0
43246,0060987103,0
43246,0061009059,0
43246,006101351X,0
43246,014028009X,8
43246,0140293248,0
43246,0156027321,0
43246,0312195516,0
43246,0312278586,0
43246,0312305060,7
43246,0316096199,9
43246,0316666343,0
43246,0316776963,0
43246,0345342968,0
43246,0345351525,0
43246,0345361792,0
43246,0345370775,0
43246,0345443284,9
43246,0375706771,0
43246,0375707972,0
43246,0375726403,0
43246,0375727345,8
43246,0380731851,0
43246,0380789035,0
43246,0385265700,0
43246,0385335482,0
43246,0385484518,10
43246,0385492081,0
43246,0385722206,8
43246,0446310786,0
43246,0446364193,0
43246,0446605239,9
43246,0446606812,9
43246,0446608955,9
43246,0446610038,9
43246,0446672211,0
43246,0452282152,0
43246,0553572997,0
43246,059035342X,0
43246,0671003755,0
43246,0671021001,0
43246,0671027360,0
43246,0671510053,0
43246,067976402X,10
43246,0679781587,8
43246,068484477X,0
43246,0684872153,0
43246,0743237188,0
43246,0743418174,0
43246,0786868716,0
43246,080410753X,7
43246,0971880107,0
46398,0060928336,0
46398,0060930535,0
46398,0060987103,0
46398,006101351X,0
46398,0140293248,0
46398,0142000205,7
46398,0142001740,0
46398,0156027321,9
46398,0312195516,0
46398,0312291639,0
46398,0316284955,0
46398,0316666343,6
46398,0345313860,0
46398,0345337662,0
46398,0345361792,10
46398,0345370775,8
46398,0375706771,9
46398,0375707972,8
46398,0375725784,0
46398,0375727345,0
46398,0385484518,3
46398,0385504209,0
46398,0385720106,0
46398,0440222656,0
46398,0440224675,0
46398,0440234743,0
46398,044651652X,0
46398,0446605239,4
46398,0449212602,0
46398,0452282152,6
46398,0553279912,0
46398,0671003755,0
46398,0671027360,0
46398,0671510053,0
46398,0971880107,4
52584,0060928336,0
52584,0060930535,0
52584,006101351X,0
52584,014028009X,0
52584,0140293248,10
52584,0156027321,0
52584,0316601950,9
52584,0316666343,9
52584,0345313860,0
52584,0345337662,0
52584,0345351525,0
52584,0345353145,0
52584,0345370775,0
52584,0345378490,0
52584,0345443284,0
52584,0375706771,0
52584,0375727345,0
52584,0385265700,0
52584,0385492081,9
52584,044021145X,0
52584,0440211727,0
52584,0440213525,0
52584,0440214041,0
52584,0440221471,0
52584,044022165X,0
52584,0440222656,0
52584,0440224675,10
52584,0440224764,0
52584,0440226430,0
52584,0440234743,0
52584,0440236673,0
52584,044023722X,0
52584,0440241073,0
52584,0446364193,0
52584,0446605239,0
52584,0446606812,7
52584,0446608955,0
52584,0446672211,8
52584,0553279912,0
52584,059035342X,0
52584,0671003755,0
52584,0671510053,0
52584,0679781587,0
52584,068484477X,0
52584,0684872153,9
52584,0743237188,0
52584,0743418174,10
52584,0804106304,7
52584,080410753X,8
55492,0060502258,5
55492,0060934417,0
55492,006101351X,0
55492,0142001740,0
55492,0312305060,4
55492,0316096199,0
55492,0316666343,0
55492,0345313860,0
55492,0345337662,0
55492,0345339681,0
55492,0345342968,0
55492,0345351525,0
55492,0345361792,0
55492,0345370775,0
55492,0380731851,0
55492,0385265700,0
55492,0385484518,0
55492,043935806X,9
55492,044021145X,0
55492,0440211727,0
55492,0440213525,0
55492,0440214041,0
55492,0440221471,0
55492,044022165X,0
55492,0440222656,0
55492,0440224675,0
55492,0440224764,0
55492,0440234743,0
55492,0440241073,0
55492,0446310786,0
55492,0446364193,0
55492,044651652X,7
55492,0446605239,0
55492,0446606812,0
55492,0446608955,0
55492,0446610038,0
55492,0446672211,0
55492,0449212602,0
55492,0452282152,8
55492,0452282829,0
55492,0553279912,0
55492,059035342X,10
55492,0671027360,0
55492,067976402X,0
55492,0679781587,0
55492,0804106304,0
55492,080410753X,0
55492,0842329129,0
55492,0971880107,0
55548,0060928336,9
55548,0060930535,0
55548,0060938455,0
55548,0060976845,0
55548,0142001740,10
55548,0312195516,0
55548,0345313860,0
55548,0345337662,0
55548,0345342968,0
55548,0345351525,0
55548,0345353145,0
55548,0345378490,0
55548,0380731851,0
55548,0385492081,0
55548,0440206154,0
55548,044021145X,0
55548,0440211727,0
55548,0440214041,0
55548,0440220602,0
55548,0440221471,0
55548,044022165X,0
55548,0440222656,0
55548,0440224675,0
55548,0446310786,10
55548,044651652X,0
55548,0446605239,0
55548,0446608955,0
55548,0446610038,0
55548,067976402X,0
55548,068484477X,0
55548,0743418174,0
55548,0804106304,0
56856,0060392452,8
56856,006101351X,0
56856,0142000205,0
56856,0312305060,0
56856,0316601950,0
56856,0316769487,9
56856,0345342968,0
56856,0345353145,0
56856,0345370775,0
56856,0345417623,0
56856,0345443284,0
56856,0375727345,0
56856,0380731851,0
56856,0380789035,0
56856,0385265700,0
56856,0385492081,0
56856,0385720106,0
56856,0440206154,0
56856,044021145X,7
56856,0440211727,0
56856,0440214041,7
56856,0440220602,9
56856,0440221471,8
56856,044022165X,10
56856,0440222656,0
56856,0440224675,0
56856,0440224764,7
56856,0440236673,0
56856,0446364193,0
56856,0446672211,8
56856,0553572997,0
56856,0671021001,0
56856,067976402X,0
56856,0679781587,0
56856,0804106304,0
56856,0971880107,0
60244,0060392452,8
60244,0060502258,8
60244,0060928336,8
60244,0060930535,0
60244,0060976845,0
60244,0060987103,7
60244,006101351X,0
60244,0140293248,8
60244,0142001740,8
60244,0156027321,0
60244,0312195516,7
60244,0312278586,8
60244,0312305060,0
60244,0316096199,0
60244,0316284955,8
60244,0316601950,0
60244,0316666343,0
60244,0316769487,7
60244,0316776963,0
60244,0345339681,10
60244,0345342968,9
60244,0345370775,0
60244,0375700757,6
60244,0375707972,0
60244,0375725784,0
60244,0375726403,0
60244,0375727345,7
60244,0385265700,0
60244,0385484518,0
60244,0385492081,0
60244,0385720106,8
60244,0439064872,0
60244,0440226430,0
60244,044023722X,0
60244,0446310786,0
60244,044651652X,0
60244,0446606812,0
60244,0446672211,0
60244,0452282152,0
60244,0452282829,0
60244,0553279912,0
60244,059035342X,0
60244,0671003755,0
60244,0671027360,0
60244,067976402X,0
60244,0679781587,8
60244,068484477X,0
60244,0684872153,0
60244,0743237188,8
60244,0743418174,8
60244,0804106304,8
60244,0842329129,5
60244,0971880107,0
60244,1400034779,9
68555,0060928336,10
68555,0060930535,0
68555,0060934417,0
68555,014028009X,4
68555,0142000205,0
68555,0156027321,0
68555,0312195516,10
68555,0312305060,0
68555,0316601950,0
68555,0316769487,0
68555,0345339681,0
68555,0345342968,0
68555,0345361792,0
68555,0375700757,0
68555,0375706771,0
68555,0375707972,0
68555,0375726403,0
68555,0380731851,0
68555,0380789035,0
68555,0385265700,0
68555,0385484518,0
68555,0385504209,10
68555,0440214041,8
68555,0440220602,7
68555,0440221471,7
68555,0440222656,0
68555,0440224764,7
68555,0440225701,7
68555,0440226430,0
68555,0440236673,7
68555,044023722X,4
68555,0440241073,0
68555,0446605239,8
68555,0446606812,0
68555,0446608955,0
68555,0446672211,0
68555,0452282152,0
68555,0452282829,0
68555,0671003755,0
68555,0671027360,0
68555,067976402X,0
68555,0679781587,0
68555,068484477X,0
68555,0842329129,0
68555,0971880107,0
76352,0060502258,0
76352,0060934417,6
76352,006101351X,0
76352,0142001740,0
76352,0156027321,0
76352,0312291639,0
76352,0316601950,0
76352,0345313860,0
76352,0345337662,0
76352,0345342968,9
76352,0345351525,0
76352,0345353145,0
76352,0345361792,0
76352,0345370775,0
76352,0345378490,0
76352,0345417623,0
76352,0345443284,0
76352,0375706771,0
76352,0375727345,0
76352,0380731851,0
76352,0385504209,0
76352,0385720106,0
76352,0439064872,0
76352,0440206154,0
76352,044021145X,0
76352,0440211727,0
76352,0440213525,0
76352,0440214041,0
76352,0440220602,0
76352,0440221471,0
76352,044022165X,0
76352,0440222656,0
76352,0440224675,0
76352,0440224764,0
76352,0440225701,0
76352,0440226430,0
76352,0440234743,0
76352,0440236673,0
76352,044023722X,0
76352,0440241073,0
76352,0446364193,0
76352,044651652X,0
76352,0446605239,0
76352,0446610038,0
76352,0446672211,0
76352,0553572997,0
76352,059035342X,0
76352,0671003755,0
76352,0671027360,0
76352,067976402X,0
76352,0743237188,0
76352,0743418174,0
76352,0842329129,8
76352,0971880107,0
76352,1400034779,0
78783,0060928336,0
78783,0060930535,0
78783,0060934417,0
78783,0060938455,0
78783,0060976845,0
78783,0061009059,0
78783,006101351X,0
78783,0140293248,7
78783,0142000205,0
78783,0142001740,0
78783,0316096199,0
78783,0316284955,0
78783,0316601950,0
78783,0316666343,10
78783,0345337662,0
78783,0345361792,0
78783,0345370775,0
78783,0345443284,8
78783,0375706771,0
78783,0375707972,0
78783,0375726403,0
78783,0375727345,0
78783,0380731851,0
78783,0385265700,0
78783,0385335482,8
78783,0385504209,0
78783,0385720106,9
78783,0440206154,0
78783,0440211727,0
78783,0440214041,0
78783,0440220602,0
78783,0440221471,0
78783,0440222656,9
78783,0440226430,0
78783,044651652X,0
78783,0446605239,0
78783,0446606812,0
78783,0446608955,0
78783,0446672211,0
78783,0449212602,0
78783,0452282829,0
78783,0553572997,0
78783,0671021001,0
78783,0671027360,0
78783,067976402X,0
78783,068484477X,0
78783,0684872153,9
78783,0743237188,0
78783,080410753X,0
78783,0842329129,0
78783,1400034779,0
78834,0060392452,0
78834,0060928336,0
78834,0060976845,0
78834,006101351X,0
78834,014028009X,7
78834,0140293248,0
78834,0142000205,0
78834,0142001740,0
78834,0312195516,0
78834,0316096199,0
78834,0316769487,10
78834,0316776963,10
78834,0345342968,0
78834,0375700757,0
78834,0380789035,0
78834,0385492081,0
78834,0385720106,0
78834,0439064872,0
78834,043935806X,10
78834,0440226430,0
78834,0440234743,0
78834,0446364193,0
78834,0446606812,0
78834,0446610038,0
78834,0446672211,0
78834,0553572997,0
78834,059035342X,0
78834,0671021001,0
78834,0671027360,0
78834,067976402X,0
78834,0679781587,0
78834,0684872153,0
78834,0786868716,0
78834,0842329129,0
78834,0971880107,0
78834,1400034779,0
87141,006101351X,0
87141,0316284955,0
87141,0316601950,0
87141,0316769487,0
87141,0345337662,0
87141,0345353145,0
87141,0345370775,0
87141,0345378490,7
87141,0345417623,0
87141,0439064872,0
87141,043935806X,0
87141,0440206154,0
87141,044021145X,8
87141,0440211727,8
87141,0440213525,8
87141,0440214041,0
87141,0440220602,8
87141,0440221471,0
87141,044022165X,0
87141,0440224675,0
87141,0440236673,8
87141,044023722X,0
87141,0446364193,0
87141,044651652X,0
87141,0446606812,0
87141,0446610038,0
87141,0553279912,0
87141,059035342X,10
87141,0671021001,0
87141,067976402X,0
87141,0842329129,8
87555,0060392452,10
87555,0060928336,0
87555,0060930535,0
87555,0060938455,10
87555,0060976845,0
87555,0140293248,0
87555,0142000205,9
87555,0142001740,0
87555,0316284955,0
87555,0316666343,0
87555,0316769487,0
87555,0316776963,0
87555,0345313860,8
87555,0345337662,7
87555,0345339681,7
87555,0345342968,0
87555,0345351525,7
87555,0345353145,0
87555,0345361792,0
87555,0345370775,0
87555,0375700757,0
87555,0375706771,0
87555,0375726403,0
87555,0375727345,0
87555,0380731851,0
87555,0380789035,0
87555,0385484518,10
87555,0385492081,0
87555,0385720106,0
87555,0440206154,0
87555,044021145X,0
87555,0440224675,0
87555,0446310786,0
87555,0449212602,10
87555,059035342X,0
87555,0671021001,0
87555,067976402X,0
87555,0679781587,0
87555,0684872153,0
87555,0743237188,0
87555,0804106304,0
87555,080410753X,0
87555,0971880107,0
87555,1400034779,0
87746,006101351X,0
87746,0312305060,0
87746,0316284955,0
87746,0316769487,0
87746,0316776963,0
87746,0345313860,0
87746,0345353145,0
87746,0345361792,0
87746,0345370775,0
87746,0345378490,0
87746,0375700757,0
87746,0375706771,0
87746,0375725784,0
87746,0375727345,0
87746,0385492081,0
87746,0385720106,0
87746,0385722206,0
87746,0440211727,0
87746,0440213525,0
87746,0440214041,0
87746,0440221471,0
87746,044022165X,0
87746,0440222656,0
87746,044023722X,0
87746,044651652X,0
87746,0446605239,0
87746,0446608955,0
87746,0446672211,0
87746,0449212602,0
87746,0452282152,0
87746,0553572997,0
87746,0671003755,0
87746,0671021001,0
87746,0671027360,0
87746,067976402X,0
87746,0679781587,0
87746,068484477X,0
87746,0684872153,0
87746,0743237188,0
87746,0743418174,0
87746,0804106304,0
87746,0971880107,0
87746,1400034779,0
89602,0060934417,7
89602,0060987103,6
89602,014028009X,5
89602,0140293248,0
89602,0142000205,0
89602,0142001740,9
89602,0156027321,0
89602,0316284955,0
89602,0316666343,8
89602,0316776963,8
89602,0345361792,8
89602,0345417623,0
89602,0375706771,0
89602,0375707972,0
89602,0375726403,6
89602,0375727345,5
89602,0380789035,5
89602,0385265700,0
89602,0385484518,0
89602,0385492081,0
89602,0385504209,8
89602,0385722206,0
89602,0439064872,0
89602,0440224675,0
89602,044023722X,0
89602,0446310786,9
89602,0452282829,5
89602,059035342X,0
89602,0671027360,7
89602,067976402X,0
89602,0679781587,5
89602,0743418174,7
89602,0786868716,6
89602,1400034779,8
91832,0060502258,0
91832,0060934417,10
91832,0060976845,5
91832,0312291639,0
91832,0316601950,0
91832,0316666343,0
91832,0316769487,0
91832,0316776963,0
91832,0345313860,0
91832,0345342968,0
91832,0345361792,0
91832,0345443284,0
91832,0375707972,0
91832,0375725784,0
91832,0385484518,0
91832,0385722206,0
91832,0440214041,0
91832,0440221471,0
91832,0440222656,0
91832,0440225701,0
91832,0440226430,0
91832,0440234743,0
91832,0446310786,0
91832,0446606812,0
91832,0446610038,0
91832,0446672211,0
91832,0671003755,0
91832,0671021001,0
91832,067976402X,0
91832,0679781587,0
91832,0786868716,0
91832,0804106304,0
95359,0060392452,10
95359,0060502258,0
95359,0060928336,0
95359,0060934417,9
95359,0060976845,7
95359,0061009059,8
95359,0140293248,8
95359,0312195516,7
95359,0312278586,9
95359,0312305060,10
95359,0316096199,9
95359,0316284955,6
95359,0316601950,10
95359,0316666343,9
95359,0316769487,8
95359,0345361792,10
95359,0345370775,9
95359,0345378490,6
95359,0345443284,0
95359,0375707972,6
95359,0375725784,9
95359,0375726403,9
95359,0375727345,7
95359,0380731851,0
95359,0385265700,8
95359,0385492081,10
95359,0385504209,0
95359,043935806X,10
95359,0440206154,0
95359,0440222656,0
95359,0440224764,0
95359,0440225701,0
95359,0440226430,6
95359,0440236673,7
95359,044023722X,0
95359,0446310786,10
95359,0446610038,8
95359,0449212602,10
95359,0553279912,4
95359,0553572997,9
95359,0671003755,8
95359,0671027360,9
95359,067976402X,0
95359,0684872153,0
95359,080410753X,7
95359,0971880107,0
96054,0060502258,9
96054,0061009059,0
96054,0142001740,0
96054,0156027321,0
96054,0312195516,0
96054,0312278586,0
96054,0312305060,0
96054,0316096199,0
96054,0316666343,10
96054,0316769487,0
96054,0345342968,5
96054,0345361792,0
96054,0385265700,0
96054,0385720106,0
96054,0439064872,10
96054,044021145X,0
96054,0440211727,0
96054,0440214041,0
96054,0440222656,0
96054,0440225701,0
96054,0440236673,0
96054,0440241073,0
96054,044651652X,0
96054,0446605239,0
96054,0446672211,10
96054,0452282829,0
96054,0671003755,0
96054,0671021001,0
96054,0671510053,0
96054,0804106304,0
96054,0971880107,0
98741,0060930535,0
98741,0060938455,0
98741,014028009X,0
98741,0140293248,0
98741,0142000205,0
98741,0142001740,0
98741,0312195516,0
98741,0312278586,0
98741,0312305060,0
98741,0316601950,0
98741,0316776963,0
98741,0345339681,0
98741,0345342968,0
98741,0345361792,0
98741,0345378490,0
98741,0345443284,0
98741,0375700757,0
98741,0375706771,0
98741,0375707972,0
98741,0375726403,0
98741,0385265700,0
98741,0385504209,0
98741,0439064872,0
98741,043935806X,0
98741,044021145X,0
98741,0440214041,0
98741,0440220602,0
98741,0440222656,0
98741,0446310786,0
98741,0446364193,0
98741,044651652X,0
98741,0446608955,0
98741,0446672211,0
98741,0449212602,0
98741,0452282829,0
98741,059035342X,0
98741,0671003755,0
98741,0671021001,0
98741,0671510053,0
98741,067976402X,0
98741,0679781587,0
98741,068484477X,0
98741,0743418174,0
98741,0786868716,0
98741,0804106304,0
100459,0060392452,9
100459,0060928336,0
100459,0142000205,7
100459,0142001740,0
100459,0312195516,0
100459,0312278586,0
100459,0312305060,0
100459,0316666343,0
100459,0345339681,8
100459,0345353145,0
100459,0345370775,0
100459,0375707972,0
100459,0375727345,8
100459,0380789035,9
100459,0385335482,0
100459,0385504209,0
100459,0385720106,8
100459,044021145X,0
100459,0440211727,10
100459,0440214041,0
100459,0440221471,0
100459,044022165X,0
100459,0440222656,0
100459,0446310786,9
100459,0446364193,8
100459,0446608955,0
100459,0446672211,0
100459,0452282829,8
100459,059035342X,0
100459,0671021001,8
100459,0671027360,0
100459,067976402X,0
100459,0679781587,0
100459,080410753X,0
101876,0060928336,0
101876,0060934417,0
101876,0060976845,8
101876,0312278586,0
101876,0316601950,8
101876,0316769487,0
101876,0345313860,7
101876,0345361792,10
101876,0375700757,0
101876,0375706771,0
101876,0375707972,0
101876,0380731851,0
101876,0385720106,0
101876,0440213525,8
101876,0440214041,0
101876,0440222656,0
101876,0440224675,0
101876,044023722X,0
101876,0440241073,0
101876,044651652X,8
101876,0446605239,7
101876,0446608955,0
101876,0452282829,0
101876,0553279912,9
101876,0671003755,0
101876,0671021001,10
101876,0671027360,0
101876,067976402X,8
101876,068484477X,0
101876,0842329129,0
102967,0060928336,0
102967,0060930535,0
102967,0060934417,0
102967,0060938455,0
102967,006101351X,0
102967,0140293248,0
102967,0142000205,0
102967,0312278586,5
102967,0345313860,0
102967,0345337662,0
102967,0345353145,0
102967,0345370775,0
102967,0345378490,7
102967,0345417623,0
102967,0375700757,0
102967,0375706771,0
102967,0375707972,0
102967,0375727345,0
102967,0380731851,0
102967,0385265700,0
102967,0385484518,9
102967,0385492081,0
102967,0385720106,0
102967,0385722206,0
102967,0440206154,0
102967,044021145X,6
102967,0440211727,0
102967,0440213525,0
102967,0440214041,0
102967,0440220602,0
102967,0440221471,0
102967,044022165X,0
102967,0440222656,0
102967,0440224675,0
102967,0440224764,0
102967,0440225701,0
102967,0440226430,0
102967,0440234743,0
102967,0440236673,0
102967,044023722X,0
102967,0440241073,0
102967,0446364193,0
102967,044651652X,0
102967,0446605239,0
102967,0446606812,0
102967,0446610038,0
102967,0446672211,0
102967,0452282829,0
102967,0553279912,0
102967,0553572997,0
102967,059035342X,0
102967,0671003755,0
102967,0671021001,0
102967,0671510053,0
102967,067976402X,7
102967,0679781587,8
102967,068484477X,0
102967,0684872153,0
102967,0804106304,0
102967,080410753X,0
104636,0060938455,0
104636,0061009059,9
104636,014028009X,6
104636,0156027321,0
104636,0316096199,0
104636,0316284955,8
104636,0316601950,9
104636,0439064872,10
104636,044021145X,10
104636,0440211727,10
104636,0440213525,9
104636,0440214041,9
104636,0440220602,9
104636,0440221471,0
104636,044022165X,8
104636,0440224764,8
104636,0440225701,6
104636,0440226430,10
104636,0440241073,0
104636,0446310786,0
104636,0446364193,9
104636,0446606812,0
104636,0446610038,10
104636,0446672211,10
104636,0452282829,0
104636,0553279912,9
104636,0553572997,9
104636,059035342X,10
104636,0671003755,8
104636,1400034779,0
105979,0060502258,0
105979,0060928336,0
105979,0060930535,9
105979,0060934417,0
105979,0060976845,8
105979,0140293248,7
105979,0142000205,0
105979,0312278586,8
105979,0316096199,10
105979,0316284955,0
105979,0316601950,8
105979,0316666343,8
105979,0316776963,0
105979,0345361792,8
105979,0345370775,0
105979,0345443284,0
105979,0375700757,0
105979,0375706771,0
105979,0375707972,0
105979,0375725784,0
105979,0375727345,0
105979,0385265700,9
105979,0385335482,0
105979,0385484518,10
105979,0385492081,8
105979,0385504209,5
105979,0385720106,0
105979,0385722206,8
105979,0440206154,0
105979,044021145X,8
105979,0440211727,0
105979,0440213525,6
105979,0440214041,5
105979,0440220602,0
105979,0440221471,5
105979,044022165X,5
105979,0440224675,0
105979,0440225701,0
105979,0440226430,0
105979,0440234743,5
105979,044023722X,0
105979,0440241073,5
105979,0446310786,10
105979,0446605239,0
105979,0446606812,1
105979,0446672211,4
105979,0452282829,0
105979,0671003755,6
105979,0671021001,0
105979,0671510053,0
105979,067976402X,0
105979,0679781587,10
105979,068484477X,10
105979,0743418174,9
105979,0786868716,7
105979,0804106304,0
105979,080410753X,0
105979,0842329129,0
105979,0971880107,0
106225,0060502258,0
106225,0060928336,0
106225,0060976845,0
106225,006101351X,0
106225,014028009X,0
106225,0140293248,0
106225,0142000205,0
106225,0142001740,8
106225,0156027321,0
106225,0312278586,0
106225,0312305060,0
106225,0316284955,8
106225,0316601950,0
106225,0316666343,8
106225,0316776963,0
106225,0345353145,0
106225,0345361792,0
106225,0345370775,0
106225,0345443284,0
106225,0375706771,0
106225,0375707972,0
106225,0380789035,0
106225,0385265700,0
106225,0385484518,9
106225,0385492081,0
106225,0385504209,0
106225,0385722206,0
106225,0439064872,0
106225,0440206154,0
106225,044021145X,0
106225,0440211727,0
106225,0440214041,0
106225,0440220602,8
106225,0440222656,0
106225,0440225701,0
106225,0440226430,0
106225,0440236673,6
106225,044023722X,9
106225,044651652X,0
106225,0446605239,0
106225,0446606812,0
106225,0446608955,0
106225,0446610038,0
106225,0449212602,0
106225,0452282152,10
106225,0452282829,0
106225,0553279912,0
106225,0671003755,0
106225,0671027360,0
106225,067976402X,0
106225,0679781587,0
106225,0684872153,9
106225,0743418174,8
106225,0804106304,0
106225,080410753X,0
110912,0060392452,10
110912,0060928336,8
110912,0060930535,0
110912,0060976845,8
110912,0060987103,0
110912,014028009X,10
110912,0142001740,0
110912,0312195516,9
110912,0312291639,0
110912,0316096199,0
110912,0316601950,9
110912,0316666343,0
110912,0345337662,0
110912,0345361792,10
110912,0375706771,0
110912,0375707972,0
110912,0375727345,0
110912,0385265700,0
110912,0385484518,10
110912,0385492081,0
110912,0385720106,0
110912,0385722206,10
110912,0440206154,0
110912,0440226430,10
110912,0440236673,0
110912,044651652X,0
110912,0446605239,0
110912,0446608955,0
110912,0446610038,9
110912,0449212602,8
110912,0452282829,0
110912,059035342X,0
110912,0671021001,0
110912,0671027360,9
110912,0671510053,0
110912,067976402X,0
110912,0679781587,0
110912,068484477X,10
110912,0786868716,10
110912,0804106304,0
110912,080410753X,9
110912,1400034779,10
110973,0060392452,0
110973,0060502258,10
110973,0060928336,0
110973,0060934417,0
110973,0060976845,9
110973,006101351X,0
110973,0142000205,0
110973,0142001740,0
110973,0156027321,0
110973,0316284955,0
110973,0316601950,0
110973,0345337662,0
110973,0345339681,0
110973,0345342968,0
110973,0345353145,0
110973,0345370775,0
110973,0345443284,0
110973,0375706771,0
110973,0375725784,0
110973,0375727345,0
110973,0380789035,0
110973,0385265700,0
110973,0385492081,0
110973,0385504209,0
110973,0439064872,8
110973,0440206154,0
110973,044021145X,0
110973,0440211727,0
110973,0440214041,0
110973,044022165X,0
110973,0440224764,0
110973,0440225701,0
110973,0440234743,0
110973,044023722X,0
110973,0446608955,0
110973,0446672211,0
110973,0449212602,0
110973,0452282152,6
110973,0553279912,0
110973,0553572997,9
110973,0671021001,0
110973,0671027360,7
110973,0679781587,9
110973,068484477X,8
110973,0743418174,0
110973,080410753X,0
110973,0842329129,0
110973,0971880107,0
112026,0060928336,0
112026,0060976845,0
112026,0060987103,0
112026,0061009059,0
112026,006101351X,0
112026,014028009X,0
112026,0140293248,0
112026,0312278586,0
112026,0312305060,0
112026,0316096199,0
112026,0316284955,0
112026,0316601950,0
112026,0316666343,8
112026,0316769487,0
112026,0316776963,0
112026,0345361792,0
112026,0345378490,0
112026,0375706771,0
112026,0375727345,0
112026,0385335482,0
112026,0385484518,0
112026,0385492081,0
112026,0440222656,0
112026,0440226430,0
112026,0446310786,0
112026,0446364193,0
112026,0446605239,0
112026,0446606812,0
112026,0446608955,0
112026,0449212602,0
112026,0452282152,0
112026,0452282829,0
112026,0553279912,0
112026,067976402X,5
112026,0679781587,0
112026,0684872153,5
112026,0786868716,0
112026,0804106304,0
113270,0060928336,0
113270,0060930535,8
113270,0060934417,10
113270,0060976845,0
113270,006101351X,0
113270,0140293248,0
113270,0142000205,0
113270,0142001740,0
113270,0316666343,9
113270,0345361792,0
113270,0375700757,0
113270,0375706771,0
113270,0375726403,0
113270,0375727345,0
113270,0380731851,0
113270,0385265700,0
113270,0385484518,0
113270,0385492081,9
113270,0385720106,10
113270,0446608955,10
113270,0446672211,8
113270,0449212602,0
113270,0452282829,0
113270,059035342X,0
113270,0671027360,0
113270,0671510053,0
113270,067976402X,10
113270,068484477X,0
113270,0743418174,8
113270,0842329129,0
113270,0971880107,0
113270,1400034779,8
113519,0060502258,0
113519,0060928336,0
113519,0060930535,0
113519,0060987103,0
113519,0061009059,0
113519,006101351X,0
113519,014028009X,0
113519,0142001740,0
113519,0312195516,9
113519,0312278586,0
113519,0316096199,0
113519,0316284955,0
113519,0316601950,0
113519,0316666343,9
113519,0345361792,0
113519,0345417623,0
113519,0345443284,8
113519,0375706771,8
113519,0375707972,8
113519,0375725784,0
113519,0375726403,0
113519,0375727345,0
113519,0385492081,0
113519,0385504209,0
113519,0385720106,0
113519,0385722206,0
113519,0439064872,0
113519,0440222656,0
113519,0440225701,0
113519,0440226430,0
113519,0440236673,0
113519,044023722X,0
113519,0440241073,0
113519,0446310786,10
113519,0446606812,0
113519,0446672211,9
113519,0452282152,10
113519,059035342X,0
113519,0671003755,0
113519,0671021001,0
113519,0671027360,0
113519,067976402X,9
113519,0679781587,9
113519,068484477X,0
113519,0684872153,0
113519,0743237188,0
113519,0743418174,0
113519,0804106304,9
113519,080410753X,0
113519,0971880107,0
114868,0060392452,8
114868,0060502258,0
114868,0060930535,0
114868,0060938455,9
114868,0060976845,0
114868,014028009X,10
114868,0312195516,0
114868,0316096199,0
114868,0316601950,0
114868,0316666343,0
114868,0345337662,0
114868,0375707972,8
114868,0385265700,0
114868,0385335482,8
114868,0385484518,0
114868,0385504209,8
114868,0385720106,0
114868,0385722206,0
114868,044021145X,9
114868,0440214041,0
114868,044022165X,7
114868,0440225701,0
114868,0446310786,0
114868,0446610038,0
114868,0452282152,0
114868,0553279912,0
114868,0671003755,8
114868,067976402X,0
114868,0743237188,0
114868,0743418174,0
115120,0060928336,0
115120,0060930535,0
115120,0060934417,0
115120,0140293248,0
115120,0142000205,0
115120,0142001740,0
115120,0156027321,0
115120,0312195516,0
115120,0312278586,0
115120,0316601950,0
115120,0345337662,0
115120,0345353145,0
115120,0345370775,0
115120,0345378490,0
115120,0345417623,0
115120,0345443284,5
115120,0375706771,0
115120,0385265700,0
115120,0385720106,0
115120,0439064872,0
115120,044021145X,0
115120,0440211727,0
115120,0440214041,0
115120,0440220602,0
115120,044022165X,0
115120,0440222656,0
115120,0440225701,0
115120,0440226430,0
115120,0440234743,0
115120,0440236673,0
115120,044023722X,0
115120,0440241073,0
115120,0449212602,0
115120,0452282152,0
115120,0452282829,0
115120,0553279912,0
115120,059035342X,0
115120,0671021001,0
115120,067976402X,0
115120,068484477X,0
115120,0743418174,0
115120,0804106304,0
115120,080410753X,0
115120,0971880107,0
115120,1400034779,0
115490,0060392452,0
115490,0060928336,0
115490,0060934417,0
115490,0060976845,0
115490,0140293248,0
115490,0142001740,0
115490,0312195516,0
115490,0312305060,0
115490,0316776963,0
115490,0345351525,0
115490,0345361792,0
115490,0345443284,0
115490,0375726403,0
115490,0380731851,0
115490,0385504209,0
115490,0385722206,0
115490,0439064872,0
115490,043935806X,0
115490,0440213525,0
115490,0440221471,0
115490,044022165X,0
115490,0440222656,0
115490,0440226430,0
115490,0446310786,0
115490,044651652X,0
115490,0446605239,0
115490,0446610038,0
115490,0446672211,0
115490,0449212602,10
115490,0452282152,0
115490,0553279912,0
115490,059035342X,0
115490,0671021001,0
115490,0671027360,0
115490,0684872153,0
115490,0743418174,0
115490,0842329129,0
115490,1400034779,0
123790,0060502258,0
123790,0060934417,0
123790,0142001740,0
123790,0316284955,0
123790,0316601950,0
123790,0316666343,0
123790,0345342968,0
123790,0345370775,0
123790,0345443284,0
123790,0375707972,0
123790,0380789035,0
123790,0385335482,8
123790,0385504209,0
123790,0385720106,0
123790,044021145X,0
123790,0440211727,0
123790,0440214041,0
123790,0440220602,0
123790,044022165X,0
123790,0440224675,8
123790,0440224764,0
123790,0440225701,0
123790,0440226430,0
123790,0440234743,0
123790,0440236673,0
123790,044023722X,0
123790,0440241073,0
123790,0446364193,0
123790,0446608955,0
123790,0446610038,0
123790,0446672211,0
123790,0452282829,0
123790,0671003755,8
123790,0671027360,0
123790,067976402X,0
123790,0786868716,10
123790,0971880107,0
123981,0060928336,0
123981,0142000205,0
123981,0316601950,0
123981,0316776963,10
123981,0345313860,0
123981,0345337662,0
123981,0345378490,0
123981,0375706771,0
123981,0375707972,0
123981,0375727345,0
123981,0385265700,0
123981,044021145X,0
123981,0440211727,0
123981,0440213525,0
123981,0440214041,0
123981,0440220602,0
123981,0440221471,0
123981,044022165X,0
123981,0440222656,0
123981,0440224675,0
123981,0440224764,7
123981,0440225701,0
123981,0440234743,0
123981,0440236673,0
123981,0446310786,0
123981,0446364193,0
123981,0446606812,0
123981,0446608955,0
123981,0449212602,0
123981,0553279912,0
123981,0553572997,9
123981,068484477X,0
123981,0804106304,0
123981,0842329129,0
123981,1400034779,0
130571,0060930535,0
130571,0060934417,9
130571,0060938455,0
130571,0060987103,6
130571,0061009059,8
130571,006101351X,0
130571,014028009X,0
130571,0316096199,0
130571,0316284955,0
130571,0316601950,0
130571,0316666343,8
130571,0345370775,0
130571,0345378490,0
130571,0375700757,0
130571,0375706771,8
130571,0375725784,0
130571,0375726403,0
130571,0380789035,0
130571,0385335482,0
130571,0385492081,9
130571,0440206154,0
130571,0440211727,0
130571,0440224675,0
130571,0440225701,0
130571,0440226430,0
130571,0440236673,0
130571,044023722X,0
130571,0446672211,9
130571,0452282829,0
130571,0553572997,0
130571,0743237188,0
130571,0786868716,6
130571,0804106304,0
135045,0060502258,9
135045,0060928336,9
135045,0060934417,0
135045,0060987103,0
135045,014028009X,0
135045,0142000205,0
135045,0156027321,0
135045,0316284955,0
135045,0345313860,0
135045,0345337662,0
135045,0345353145,0
135045,0345361792,0
135045,0345370775,9
135045,0345378490,0
135045,0345417623,0
135045,0375707972,0
135045,0375726403,0
135045,0385720106,0
135045,0385722206,0
135045,0440206154,8
135045,044021145X,8
135045,0440211727,8
135045,044022165X,0
135045,0440222656,9
135045,0440224675,0
135045,0440226430,0
135045,044651652X,0
135045,0446605239,0
135045,0446606812,0
135045,0449212602,10
135045,0553572997,0
135045,059035342X,10
135045,0679781587,10
135045,068484477X,0
135045,0684872153,0
135045,0804106304,0
135045,080410753X,0
135149,0060928336,0
135149,0060930535,6
135149,0060987103,0
135149,0061009059,7
135149,014028009X,0
135149,0140293248,8
135149,0156027321,0
135149,0312291639,0
135149,0312305060,0
135149,0316666343,0
135149,0345313860,0
135149,0345339681,0
135149,0345342968,0
135149,0345370775,0
135149,0345417623,8
135149,0375706771,0
135149,0375726403,0
135149,0375727345,0
135149,0385265700,9
135149,0385492081,0
135149,0385504209,0
135149,0385720106,0
135149,0439064872,0
135149,043935806X,9
135149,0440206154,0
135149,044021145X,0
135149,0440211727,8
135149,0440213525,8
135149,0440214041,8
135149,0440220602,7
135149,0440221471,0
135149,044022165X,0
135149,0440222656,7
135149,0440224764,8
135149,0440225701,0
135149,0440226430,9
135149,0440234743,0
135149,0440236673,8
135149,044023722X,8
135149,044651652X,0
135149,0446608955,9
135149,0446610038,0
135149,0452282152,9
135149,059035342X,0
135149,0671027360,0
135149,067976402X,0
135149,0679781587,0
135149,068484477X,8
135149,0743237188,0
135149,0743418174,0
135149,0804106304,7
135149,080410753X,7
135831,0060928336,0
135831,0060930535,0
135831,0060934417,0
135831,006101351X,0
135831,014028009X,0
135831,0142001740,8
135831,0156027321,0
135831,0312195516,9
135831,0312291639,0
135831,0312305060,6
135831,0316096199,0
135831,0316284955,0
135831,0316601950,0
135831,0316666343,0
135831,0345370775,0
135831,0345378490,0
135831,0345417623,0
135831,0345443284,0
135831,0375700757,9
135831,0375706771,7
135831,0375707972,0
135831,0385492081,0
135831,0385720106,0
135831,0440221471,0
135831,0440224764,0
135831,0440225701,0
135831,0440234743,0
135831,0440236673,0
135831,0446364193,0
135831,044651652X,0
135831,0446605239,0
135831,0446608955,0
135831,0452282829,7
135831,0671003755,0
135831,0679781587,0
135831,0743237188,0
135831,0743418174,6
137589,0060502258,8
137589,0060928336,9
137589,0060930535,9
137589,0060934417,0
137589,0312278586,0
137589,0345342968,8
137589,0345443284,7
137589,0375700757,0
137589,0375706771,8
137589,0375727345,0
137589,0380789035,0
137589,0385484518,8
137589,0385720106,0
137589,0439064872,8
137589,044021145X,8
137589,0440211727,0
137589,0440213525,7
137589,0440214041,7
137589,0440220602,6
137589,044022165X,0
137589,0440225701,7
137589,0440226430,0
137589,0440234743,0
137589,0440236673,7
137589,044023722X,0
137589,0440241073,0
137589,0446608955,0
137589,0446672211,0
137589,067976402X,8
137589,068484477X,0
137589,0804106304,8
137589,080410753X,0
137589,0971880107,0
137589,1400034779,0
141710,0060502258,10
141710,0060928336,0
141710,0060934417,0
141710,0060938455,0
141710,0060976845,0
141710,0061009059,0
141710,006101351X,0
141710,0140293248,0
141710,0142001740,0
141710,0312195516,9
141710,0345353145,0
141710,0375706771,0
141710,0375707972,0
141710,0375726403,0
141710,0375727345,0
141710,0385335482,0
141710,0385492081,8
141710,0385504209,0
141710,0439064872,0
141710,0440211727,0
141710,044023722X,7
141710,0446606812,0
141710,0446610038,0
141710,0446672211,0
141710,0452282829,0
141710,0553279912,6
141710,059035342X,0
141710,0671510053,0
141710,067976402X,0
141710,0679781587,0
141710,0743418174,0
141710,0971880107,0
141710,1400034779,8
144531,0060502258,0
144531,0060928336,0
144531,0061009059,0
144531,0140293248,0
144531,0142001740,0
144531,0156027321,0
144531,0312278586,0
144531,0316601950,8
144531,0316666343,9
144531,0316769487,0
144531,0316776963,0
144531,0345313860,0
144531,0345353145,0
144531,0440211727,0
144531,0440213525,0
144531,044022165X,0
144531,0440222656,0
144531,0440224675,0
144531,0440224764,8
144531,0440226430,0
144531,0440234743,0
144531,044023722X,0
144531,0440241073,0
144531,0446605239,0
144531,0446608955,0
144531,0446672211,0
144531,059035342X,0
144531,0743237188,8
144531,0743418174,8
144531,0971880107,0
147847,0060502258,0
147847,0060930535,0
147847,0060976845,0
147847,0142000205,0
147847,0312195516,0
147847,0312278586,0
147847,0316096199,0
147847,0316666343,0
147847,0345337662,5
147847,0345378490,0
147847,0375706771,5
147847,0375727345,5
147847,0385265700,0
147847,0385484518,9
147847,0385492081,0
147847,0439064872,0
147847,0440206154,0
147847,044021145X,5
147847,0440220602,0
147847,0440222656,0
147847,0440225701,0
147847,0446310786,5
147847,0446605239,9
147847,0446608955,0
147847,0446610038,5
147847,0449212602,0
147847,0452282152,0
147847,0553279912,0
147847,0553572997,0
147847,059035342X,0
147847,0671021001,0
147847,067976402X,0
147847,0684872153,9
147847,080410753X,0
147847,0842329129,0
147847,0971880107,0
148744,0060934417,8
148744,006101351X,0
148744,0312278586,0
148744,0316601950,0
148744,0316666343,8
148744,0345337662,0
148744,0345339681,8
148744,0345351525,0
148744,0345353145,0
148744,0345361792,0
148744,0345417623,0
148744,0345443284,0
148744,0375700757,9
148744,0375707972,0
148744,0375726403,0
148744,0385265700,10
148744,0385335482,0
148744,0385492081,0
148744,0439064872,0
148744,044021145X,10
148744,0440214041,0
148744,044022165X,0
148744,0440222656,0
148744,0440226430,0
148744,0440236673,0
148744,044023722X,0
148744,0446364193,0
148744,0446605239,0
148744,0446606812,0
148744,0446608955,0
148744,0452282829,0
148744,059035342X,0
148744,0671003755,0
148744,067976402X,0
148744,0679781587,10
148744,068484477X,8
148744,0743237188,0
148744,0743418174,0
148744,080410753X,0
148744,0842329129,8
153662,0060502258,10
153662,0060928336,0
153662,0060976845,0
153662,0060987103,0
153662,0061009059,9
153662,006101351X,10
153662,014028009X,9
153662,0142000205,0
153662,0142001740,0
153662,0156027321,0
153662,0312195516,0
153662,0316284955,9
153662,0316601950,0
153662,0316666343,0
153662,0316769487,0
153662,0345337662,0
153662,0345342968,10
153662,0345417623,0
153662,0375706771,9
153662,0375727345,5
153662,0385265700,0
153662,0439064872,10
153662,043935806X,10
153662,0440211727,10
153662,0440213525,10
153662,0440214041,9
153662,0440221471,0
153662,044022165X,0
153662,0440226430,0
153662,0440236673,0
153662,044023722X,0
153662,0440241073,0
153662,044651652X,0
153662,0446605239,0
153662,0446606812,0
153662,0446608955,0
153662,0446610038,0
153662,0446672211,0
153662,0452282152,0
153662,0553279912,0
153662,0553572997,10
153662,059035342X,10
153662,067976402X,10
153662,0679781587,0
153662,068484477X,0
153662,0684872153,0
153662,0743418174,0
153662,0786868716,0
153662,0804106304,9
153662,0842329129,9
153662,0971880107,0
153662,1400034779,0
155147,0060928336,0
155147,0060934417,7
155147,0060976845,0
155147,0060987103,0
155147,006101351X,0
155147,014028009X,0
155147,0312195516,7
155147,0316601950,0
155147,0345443284,0
155147,0375706771,0
155147,0375707972,0
155147,0375727345,0
155147,0385265700,0
155147,0385720106,5
155147,0440222656,0
155147,0440226430,0
155147,0446310786,0
155147,0446606812,0
155147,0446672211,7
155147,0449212602,8
155147,0452282829,0
155147,0553279912,0
155147,059035342X,0
155147,0671003755,0
155147,067976402X,0
155147,068484477X,0
155147,0743418174,0
155147,0804106304,0
155147,0842329129,0
155147,0971880107,0
156150,0060392452,0
156150,0060934417,0
156150,0060938455,0
156150,0060976845,0
156150,0060987103,0
156150,006101351X,0
156150,0140293248,0
156150,0142001740,0
156150,0312195516,0
156150,0312278586,0
156150,0316601950,0
156150,0316666343,0
156150,0316769487,0
156150,0345339681,0
156150,0345342968,0
156150,0345443284,0
156150,0375706771,0
156150,0380789035,0
156150,0385722206,0
156150,0439064872,10
156150,043935806X,8
156150,044021145X,0
156150,0440222656,0
156150,0440226430,7
156150,044651652X,0
156150,0446672211,0
156150,0449212602,0
156150,0452282152,0
156150,059035342X,0
156150,0671027360,6
156150,0679781587,0
156150,0743237188,0
156150,1400034779,0
166596,0060928336,0
166596,0060938455,0
166596,006101351X,0
166596,014028009X,0
166596,0316096199,0
166596,0316601950,8
166596,0345353145,0
166596,0345361792,0
166596,0345417623,0
166596,0345443284,0
166596,0375706771,0
166596,0375725784,9
166596,0375726403,0
166596,0385484518,0
166596,0385720106,9
166596,0440206154,0
166596,0440211727,0
166596,0440214041,0
166596,0440220602,0
166596,0440222656,0
166596,044023722X,0
166596,0440241073,0
166596,044651652X,0
166596,0446606812,0
166596,0446672211,0
166596,0452282152,0
166596,059035342X,0
166596,0671021001,0
166596,067976402X,0
166596,068484477X,0
166596,0804106304,9
166596,080410753X,0
167471,0060928336,0
167471,0060976845,9
167471,0061009059,9
167471,006101351X,0
167471,0142000205,0
167471,0312195516,0
167471,0316666343,5
167471,0316776963,0
167471,0345337662,0
167471,0345361792,0
167471,0345378490,0
167471,0375707972,0
167471,0375727345,0
167471,0380731851,0
167471,0385492081,9
167471,0440206154,0
167471,044021145X,0
167471,0440211727,0
167471,0440213525,0
167471,0440214041,0
167471,0440220602,0
167471,0440221471,0
167471,044022165X,0
167471,0440222656,0
167471,0440225701,0
167471,0446606812,0
167471,0452282152,0
167471,0452282829,8
167471,0553572997,0
167471,0671021001,7
167471,068484477X,0
167471,0804106304,0
167471,0971880107,0
172742,0060392452,0
172742,0060502258,9
172742,0060928336,0
172742,0060934417,0
172742,0060976845,10
172742,0060987103,0
172742,0142000205,9
172742,0142001740,0
172742,0312278586,0
172742,0316284955,0
172742,0316601950,10
172742,0345313860,6
172742,0345443284,0
172742,0375706771,0
172742,0380731851,0
172742,0385265700,0
172742,0385492081,0
172742,0385504209,0
172742,0385720106,0
172742,0440211727,0
172742,0440214041,0
172742,0440220602,0
172742,0440221471,0
172742,044022165X,0
172742,0440224764,0
172742,0440234743,0
172742,044023722X,0
172742,0440241073,8
172742,0446608955,0
172742,0452282829,0
172742,0553572997,10
172742,0671003755,0
172742,080410753X,0
174304,0060928336,0
174304,0060930535,0
174304,0060934417,0
174304,0060987103,0
174304,0312195516,0
174304,0312278586,8
174304,0316096199,0
174304,0316601950,0
174304,0316666343,8
174304,0316769487,10
174304,0316776963,0
174304,0375700757,0
174304,0375706771,0
174304,0375707972,0
174304,0375727345,0
174304,0385265700,0
174304,0385335482,0
174304,0385504209,9
174304,0440211727,0
174304,0440224675,0
174304,0440226430,0
174304,0440236673,0
174304,0446310786,8
174304,044651652X,0
174304,0446605239,0
174304,0446606812,0
174304,0446608955,0
174304,0449212602,0
174304,0553572997,0
174304,0671003755,6
174304,0679781587,0
174304,0684872153,0
174304,0804106304,0
174304,080410753X,0
174304,0971880107,0
175003,0060502258,0
175003,0061009059,0
175003,0312195516,0
175003,0312278586,0
175003,0316601950,0
175003,0316666343,0
175003,0345370775,0
175003,0375706771,0
175003,0375707972,0
175003,0380731851,0
175003,0385335482,0
175003,0385492081,0
175003,0385720106,0
175003,043935806X,10
175003,0440206154,0
175003,0440211727,0
175003,0440220602,0
175003,0440222656,0
175003,0440226430,0
175003,044023722X,0
175003,0440241073,0
175003,0446364193,0
175003,044651652X,0
175003,0446605239,0
175003,0446606812,0
175003,0446610038,0
175003,059035342X,10
175003,067976402X,0
175003,0684872153,0
175003,0743237188,0
175003,0743418174,0
175003,0786868716,0
175003,0971880107,0
178667,0060502258,3
178667,0060928336,0
178667,0060930535,0
178667,0060938455,7
178667,0060976845,0
178667,0061009059,0
178667,014028009X,0
178667,0142001740,9
178667,0312195516,0
178667,0312278586,0
178667,0312305060,7
178667,0316601950,0
178667,0345342968,0
178667,0345361792,0
178667,0345370775,0
178667,0345443284,0
178667,0375700757,0
178667,0375707972,0
178667,0380731851,0
178667,0380789035,0
178667,0385492081,0
178667,0385504209,0
178667,0385722206,0
178667,044021145X,0
178667,0440213525,0
178667,0440221471,5
178667,0440225701,0
178667,0440226430,0
178667,044023722X,3
178667,044651652X,0
178667,0446605239,0
178667,0446606812,0
178667,059035342X,0
178667,0671003755,0
178667,0671027360,0
178667,067976402X,0
178667,0804106304,0
178667,1400034779,0
185233,0060502258,0
185233,0060930535,0
185233,006101351X,9
185233,0140293248,0
185233,0142000205,0
185233,0312195516,0
185233,0316096199,0
185233,0316601950,0
185233,0316666343,0
185233,0316769487,0
185233,0345313860,5
185233,0345337662,5
185233,0345339681,0
185233,0345351525,0
185233,0345353145,0
185233,0345370775,9
185233,0375706771,0
185233,0375707972,0
185233,0375727345,0
185233,0385265700,0
185233,0385504209,0
185233,0385720106,0
185233,0439064872,0
185233,043935806X,10
185233,0440206154,0
185233,0440211727,0
185233,0440220602,0
185233,0440222656,0
185233,0440224675,0
185233,0440225701,0
185233,0440226430,0
185233,0446310786,0
185233,0446364193,0
185233,0446605239,0
185233,0446606812,0
185233,0446608955,0
185233,0446610038,0
185233,0446672211,0
185233,0553572997,0
185233,059035342X,0
185233,0671003755,0
185233,0671021001,0
185233,0671027360,0
185233,0743237188,7
185233,0804106304,0
185233,0842329129,0
185233,0971880107,0
187145,0060930535,0
187145,0060934417,0
187145,0060938455,0
187145,0060987103,0
187145,0142001740,0
187145,0312195516,0
187145,0312278586,0
187145,0312305060,0
187145,0316284955,0
187145,0316769487,0
187145,0316776963,0
187145,0345337662,0
187145,0345342968,9
187145,0345443284,0
187145,0375706771,8
187145,0375707972,9
187145,0375726403,0
187145,0375727345,0
187145,0385484518,0
187145,0385504209,0
187145,0385720106,0
187145,0385722206,0
187145,044021145X,8
187145,0446310786,9
187145,0671021001,0
187145,0671510053,0
187145,0679781587,0
187145,068484477X,8
187145,0786868716,0
187145,0971880107,6
196077,0060502258,7
196077,0060928336,7
196077,0060938455,0
196077,0060976845,0
196077,0060987103,0
196077,0061009059,0
196077,014028009X,5
196077,0140293248,0
196077,0312195516,10
196077,0312278586,8
196077,0312305060,0
196077,0316284955,9
196077,0316601950,0
196077,0316666343,8
196077,0345313860,0
196077,0345337662,0
196077,0345370775,0
196077,0345443284,0
196077,0375706771,9
196077,0375725784,0
196077,0375727345,0
196077,0380731851,0
196077,0380789035,0
196077,0385265700,0
196077,0385335482,0
196077,0385484518,0
196077,0385492081,0
196077,0385720106,7
196077,0439064872,0
196077,0440206154,0
196077,0440222656,0
196077,0440224675,0
196077,0440226430,0
196077,044651652X,0
196077,0446605239,0
196077,0446606812,0
196077,0446608955,0
196077,0446610038,0
196077,0446672211,0
196077,0452282152,8
196077,0452282829,0
196077,0553279912,0
196077,0671021001,0
196077,0671510053,0
196077,067976402X,0
196077,0679781587,8
196077,068484477X,0
196077,0684872153,0
196077,0743237188,0
196077,0804106304,0
196077,0842329129,0
196077,0971880107,0
198711,0060928336,0
198711,006101351X,0
198711,0345313860,0
198711,0345337662,0
198711,0345339681,0
198711,0345351525,0
198711,0345353145,0
198711,0345361792,0
198711,0345370775,0
198711,0345378490,0
198711,0345417623,0
198711,0375727345,0
198711,0439064872,0
198711,043935806X,4
198711,0440206154,0
198711,044021145X,0
198711,0440211727,0
198711,0440213525,0
198711,0440214041,0
198711,0440220602,0
198711,044022165X,0
198711,0440222656,0
198711,0440224675,0
198711,0440224764,0
198711,0440226430,0
198711,0440234743,0
198711,0440236673,0
198711,044023722X,0
198711,0440241073,0
198711,0446364193,0
198711,044651652X,0
198711,0446605239,0
198711,0446606812,0
198711,0452282152,0
198711,0553572997,0
198711,059035342X,0
198711,0671003755,0
198711,067976402X,0
198711,0684872153,0
198711,0743418174,0
198711,0804106304,0
198711,080410753X,0
198711,0842329129,0
198711,0971880107,0
200226,0060502258,0
200226,0060928336,0
200226,0060976845,0
200226,0061009059,0
200226,0142000205,0
200226,0312195516,8
200226,0312291639,0
200226,0312305060,0
200226,0316096199,0
200226,0316666343,0
200226,0316769487,8
200226,0375706771,0
200226,0375707972,0
200226,0375726403,0
200226,0380731851,0
200226,0385265700,0
200226,0385335482,0
200226,044021145X,0
200226,0440214041,0
200226,0440220602,0
200226,0440222656,5
200226,0446310786,10
200226,044651652X,0
200226,0446605239,0
200226,0446606812,0
200226,0446608955,0
200226,0446610038,0
200226,0446672211,0
200226,0452282152,0
200226,0452282829,0
200226,0553279912,0
200226,0553572997,0
200226,0671021001,0
200226,068484477X,8
200226,0684872153,8
200226,0743418174,0
200226,0804106304,5
200226,080410753X,0
204864,0060928336,9
204864,0060930535,9
204864,0060934417,0
204864,0060976845,6
204864,0060987103,0
204864,0061009059,0
204864,014028009X,0
204864,0142000205,0
204864,0142001740,0
204864,0156027321,10
204864,0312195516,10
204864,0312278586,0
204864,0312305060,0
204864,0316096199,0
204864,0316601950,0
204864,0316666343,9
204864,0316769487,10
204864,0345339681,0
204864,0345342968,0
204864,0345361792,9
204864,0375700757,10
204864,0375706771,0
204864,0375725784,0
204864,0375726403,9
204864,0375727345,7
204864,0380731851,0
204864,0380789035,10
204864,0385492081,0
204864,0385504209,0
204864,0385720106,0
204864,0385722206,9
204864,0440206154,10
204864,0440220602,0
204864,0440221471,0
204864,0440241073,0
204864,0446364193,0
204864,0446606812,0
204864,0449212602,10
204864,0452282152,0
204864,0452282829,0
204864,0553279912,0
204864,0553572997,0
204864,0671021001,0
204864,0671027360,0
204864,067976402X,10
204864,0679781587,10
204864,068484477X,0
204864,0743237188,0
204864,080410753X,0
204864,0842329129,6
204864,1400034779,0
211426,0060502258,0
211426,0060987103,0
211426,006101351X,0
211426,0142000205,0
211426,0142001740,0
211426,0316769487,10
211426,0345313860,10
211426,0345337662,8
211426,0345339681,0
211426,0345342968,0
211426,0345351525,10
211426,0345353145,0
211426,0345361792,0
211426,0345370775,0
211426,0345443284,0
211426,0375707972,0
211426,0375725784,0
211426,0375727345,0
211426,0385265700,0
211426,0385484518,0
211426,0385504209,0
211426,0385720106,0
211426,0385722206,0
211426,043935806X,0
211426,0440206154,0
211426,044021145X,0
211426,0440211727,0
211426,0440220602,0
211426,0440222656,0
211426,0440224675,0
211426,0440236673,0
211426,044023722X,0
211426,0446310786,0
211426,044651652X,0
211426,0452282152,7
211426,0452282829,0
211426,0553279912,0
211426,0553572997,8
211426,059035342X,0
211426,0671027360,0
211426,0679781587,0
211426,0743418174,0
211426,0804106304,0
211426,080410753X,7
211426,0971880107,0
217375,0060502258,0
217375,0060928336,0
217375,0060930535,0
217375,0060976845,0
217375,0060987103,0
217375,0061009059,0
217375,014028009X,0
217375,0140293248,0
217375,0142000205,0
217375,0156027321,4
217375,0312195516,0
217375,0312278586,0
217375,0316601950,0
217375,0316666343,0
217375,0316776963,0
217375,0345351525,0
217375,0345361792,0
217375,0345417623,0
217375,0345443284,0
217375,0375706771,10
217375,0375707972,0
217375,0375727345,0
217375,0385335482,0
217375,0385484518,0
217375,0385504209,0
217375,0385720106,0
217375,0385722206,0
217375,044022165X,0
217375,0440224764,8
217375,0440225701,0
217375,0440226430,0
217375,0440234743,0
217375,0440236673,9
217375,0440241073,0
217375,0446364193,10
217375,044651652X,0
217375,0446605239,0
217375,0446672211,0
217375,0449212602,0
217375,0452282152,0
217375,0553279912,0
217375,0671027360,0
217375,0743237188,0
217375,0743418174,0
217375,0786868716,8
217375,080410753X,0
221445,0060928336,9
221445,0060934417,0
221445,0060987103,0
221445,0061009059,0
221445,006101351X,0
221445,0156027321,0
221445,0312195516,0
221445,0312305060,0
221445,0316284955,0
221445,0316601950,0
221445,0316666343,9
221445,0316776963,0
221445,0345313860,0
221445,0345337662,0
221445,0345361792,0
221445,0375706771,0
221445,0385265700,0
221445,0385335482,0
221445,0385492081,0
221445,0385720106,0
221445,044021145X,0
221445,0440211727,5
221445,0440214041,8
221445,044022165X,0
221445,0440222656,0
221445,0440224675,0
221445,0440226430,0
221445,0440234743,0
221445,0440236673,7
221445,0446364193,0
221445,0446605239,0
221445,0446606812,0
221445,0446608955,0
221445,0446610038,0
221445,0452282152,0
221445,0452282829,0
221445,0553572997,0
221445,0671003755,0
221445,0671021001,7
221445,0743418174,8
221445,0786868716,7
221445,0804106304,0
221445,1400034779,9
224349,0060392452,0
224349,0060934417,0
224349,0060938455,0
224349,006101351X,0
224349,0140293248,0
224349,0142001740,0
224349,0312195516,9
224349,0312278586,0
224349,0312305060,0
224349,0316666343,0
224349,0316769487,0
224349,0316776963,0
224349,0345351525,0
224349,0345361792,0
224349,0345370775,8
224349,0345378490,7
224349,0345417623,9
224349,0345443284,0
224349,0375700757,0
224349,0375706771,0
224349,0375707972,0
224349,0375725784,0
224349,0375726403,0
224349,0385265700,0
224349,0385484518,0
224349,0385492081,0
224349,0385504209,0
224349,0385722206,0
224349,0440206154,0
224349,0440211727,8
224349,0446364193,0
224349,044651652X,0
224349,0446606812,0
224349,0449212602,8
224349,0452282152,9
224349,0553572997,8
224349,0671027360,0
224349,067976402X,0
224349,0679781587,0
224349,068484477X,0
224349,0743237188,0
224349,0804106304,0
224349,0971880107,0
224349,1400034779,8
227447,0060928336,0
227447,0060934417,0
227447,0060938455,10
227447,0060987103,0
227447,0061009059,0
227447,006101351X,0
227447,0142001740,0
227447,0156027321,0
227447,0316096199,10
227447,0316666343,10
227447,0345339681,0
227447,0375706771,0
227447,0375727345,0
227447,0385335482,0
227447,0385504209,0
227447,0385722206,0
227447,0440206154,0
227447,044022165X,0
227447,0440224675,0
227447,0440226430,0
227447,0446364193,0
227447,044651652X,0
227447,0446605239,0
227447,0446606812,0
227447,0446608955,0
227447,0449212602,0
227447,0452282829,0
227447,0553279912,0
227447,0671003755,0
227447,0671021001,0
227447,067976402X,0
227447,0743418174,0
227447,0804106304,0
227447,080410753X,0
227447,0971880107,0
228998,0060928336,0
228998,0060987103,0
228998,006101351X,0
228998,0142001740,0
228998,0345313860,0
228998,0345342968,9
228998,0345353145,0
228998,0345370775,0
228998,0345378490,0
228998,0375707972,0
228998,0380789035,0
228998,0385492081,9
228998,0385720106,0
228998,0440206154,0
228998,044021145X,0
228998,0440211727,0
228998,0440213525,0
228998,0440214041,0
228998,044022165X,0
228998,0440224675,0
228998,0440224764,0
228998,0440225701,0
228998,044651652X,0
228998,0446606812,0
228998,0446672211,0
228998,0452282829,0
228998,0553279912,0
228998,0553572997,0
228998,059035342X,0
228998,0671021001,0
228998,0671027360,0
228998,067976402X,0
228998,0684872153,0
230522,0060392452,0
230522,0060502258,0
230522,0060928336,0
230522,0060930535,0
230522,0060976845,0
230522,006101351X,0
230522,014028009X,0
230522,0140293248,0
230522,0142001740,9
230522,0312195516,0
230522,0312291639,0
230522,0316284955,0
230522,0316601950,0
230522,0316666343,0
230522,0316769487,0
230522,0345337662,9
230522,0345342968,0
230522,0345353145,0
230522,0345378490,0
230522,0345417623,0
230522,0345443284,0
230522,0375706771,0
230522,0375725784,0
230522,0375726403,0
230522,0380789035,0
230522,0385265700,0
230522,0385492081,0
230522,0385504209,9
230522,043935806X,0
230522,0440206154,0
230522,044021145X,0
230522,0440211727,0
230522,0440213525,0
230522,0440214041,0
230522,0440220602,0
230522,0440221471,0
230522,044022165X,0
230522,0440222656,0
230522,0440224675,0
230522,0440224764,0
230522,0440226430,0
230522,0440234743,0
230522,0440236673,0
230522,044023722X,0
230522,0440241073,0
230522,044651652X,0
230522,0446605239,0
230522,0446606812,8
230522,0446608955,0
230522,0446672211,0
230522,0449212602,0
230522,0553279912,0
230522,0553572997,0
230522,059035342X,0
230522,0671021001,0
230522,0671027360,0
230522,0671510053,0
230522,067976402X,0
230522,0679781587,9
230522,068484477X,0
230522,0684872153,0
230522,0743418174,0
230522,0804106304,0
230522,0842329129,0
230522,1400034779,0
231210,0060502258,0
231210,0060928336,0
231210,0060976845,0
231210,0312195516,0
231210,0312278586,0
231210,0316601950,0
231210,0345313860,0
231210,0345337662,0
231210,0345339681,0
231210,0345342968,0
231210,0345351525,0
231210,0345370775,0
231210,0345378490,0
231210,0345443284,0
231210,0375706771,8
231210,0375725784,8
231210,0375726403,0
231210,0375727345,0
231210,0380731851,0
231210,0385484518,0
231210,0385492081,10
231210,0385720106,0
231210,0385722206,5
231210,044021145X,0
231210,0440213525,0
231210,0440214041,0
231210,0440220602,0
231210,0440221471,0
231210,044022165X,0
231210,0440222656,0
231210,0440224675,0
231210,0440225701,0
231210,0440226430,7
231210,0440241073,0
231210,0446310786,10
231210,0446605239,0
231210,0446606812,0
231210,0446608955,0
231210,0446672211,7
231210,0449212602,8
231210,0452282829,0
231210,0553279912,0
231210,0553572997,0
231210,0671003755,8
231210,067976402X,0
231210,0679781587,10
231210,0743418174,7
231210,0804106304,0
231210,080410753X,0
231210,0971880107,0
232131,0060502258,0
232131,0060928336,0
232131,0060934417,9
232131,0060976845,0
232131,0061009059,0
232131,006101351X,7
232131,014028009X,7
232131,0140293248,0
232131,0156027321,0
232131,0312195516,0
232131,0312291639,0
232131,0316601950,7
232131,0345361792,9
232131,0345417623,0
232131,0345443284,0
232131,0375706771,0
232131,0375707972,0
232131,0375725784,0
232131,0375727345,0
232131,0380731851,0
232131,0380789035,8
232131,0385265700,0
232131,0385504209,10
232131,0385720106,0
232131,043935806X,0
232131,0440206154,0
232131,0440213525,0
232131,0440220602,0
232131,0440222656,0
232131,0440224675,0
232131,0440225701,7
232131,0440234743,7
232131,044023722X,0
232131,0440241073,0
232131,0446364193,0
232131,044651652X,5
232131,0446605239,0
232131,0446608955,0
232131,0446610038,8
232131,0446672211,9
232131,0452282829,0
232131,0553572997,0
232131,059035342X,8
232131,0671003755,10
232131,0671021001,0
232131,0671027360,7
232131,0671510053,0
232131,067976402X,8
232131,0679781587,0
232131,068484477X,0
232131,0684872153,0
232131,0743237188,0
232131,0743418174,0
232131,0804106304,8
232131,080410753X,0
232131,0971880107,0
232131,1400034779,0
234623,0060392452,10
234623,006101351X,0
234623,0142001740,0
234623,0316284955,0
234623,0316601950,0
234623,0316666343,0
234623,0345342968,0
234623,0345370775,5
234623,0375700757,0
234623,0375726403,0
234623,0385484518,0
234623,0385492081,0
234623,0439064872,0
234623,044021145X,0
234623,0440214041,0
234623,0440221471,0
234623,044022165X,0
234623,0440222656,0
234623,0440234743,0
234623,044023722X,0
234623,0440241073,0
234623,0446310786,0
234623,0452282829,0
234623,0553279912,0
234623,0553572997,0
234623,059035342X,0
234623,0671021001,0
234623,0679781587,0
234623,068484477X,0
234623,0804106304,0
234623,080410753X,0
234623,0971880107,0
234623,1400034779,0
235105,0060928336,0
235105,0060938455,0
235105,0061009059,0
235105,006101351X,0
235105,0312278586,10
235105,0316666343,8
235105,0345353145,0
235105,0345361792,0
235105,0345370775,0
235105,0345378490,0
235105,0385504209,6
235105,043935806X,9
235105,0440206154,0
235105,044021145X,0
235105,0440211727,0
235105,0440213525,0
235105,0440214041,0
235105,0440220602,0
235105,044022165X,0
235105,0440222656,0
235105,0440224764,0
235105,044023722X,0
235105,0446310786,0
235105,0446364193,0
235105,044651652X,0
235105,0446605239,0
235105,0446606812,0
235105,0449212602,9
235105,0452282829,0
235105,0553279912,0
235105,0671021001,0
235105,0684872153,0
235105,0743418174,0
235105,080410753X,9
235842,0060930535,0
235842,0142001740,0
235842,0316666343,0
235842,0345339681,0
235842,0385265700,0
235842,0385484518,0
235842,0439064872,0
235842,044021145X,0
235842,0440211727,7
235842,0440213525,0
235842,0440214041,0
235842,0440220602,0
235842,0440221471,0
235842,044022165X,0
235842,0440222656,0
235842,0440224764,0
235842,0440225701,0
235842,0440234743,0
235842,0440236673,0
235842,0440241073,0
235842,0446310786,0
235842,044651652X,0
235842,0446606812,0
235842,0446610038,0
235842,0452282829,0
235842,059035342X,0
235842,0671003755,0
235842,067976402X,0
235842,0684872153,0
235842,0786868716,0
235842,0842329129,0
238120,0060392452,0
238120,0060928336,0
238120,0060930535,0
238120,0060934417,0
238120,0060938455,0
238120,0060976845,0
238120,0060987103,0
238120,006101351X,0
238120,014028009X,0
238120,0142001740,0
238120,0312195516,0
238120,0312278586,0
238120,0312291639,6
238120,0312305060,0
238120,0316096199,0
238120,0316284955,0
238120,0316601950,0
238120,0316666343,7
238120,0316769487,0
238120,0345313860,0
238120,0345351525,0
238120,0345361792,0
238120,0345443284,0
238120,0375700757,0
238120,0375706771,0
238120,0375707972,0
238120,0375725784,0
238120,0375727345,0
238120,0385265700,0
238120,0385335482,0
238120,0385484518,0
238120,0385492081,0
238120,0385720106,0
238120,0385722206,6
238120,043935806X,0
238120,0440211727,9
238120,0440221471,0
238120,0440222656,0
238120,0440224675,0
238120,0440225701,0
238120,0440226430,0
238120,0446310786,0
238120,044651652X,0
238120,0446605239,0
238120,0446672211,0
238120,0449212602,0
238120,0452282829,0
238120,059035342X,0
238120,0671003755,8
238120,0671021001,0
238120,0671510053,0
238120,067976402X,0
238120,0679781587,0
238120,068484477X,0
238120,0684872153,0
238120,0743418174,0
238120,0804106304,0
238120,080410753X,0
238120,0971880107,0
238120,1400034779,0
240567,0060928336,0
240567,0142000205,8
240567,0142001740,10
240567,0312195516,8
240567,0316769487,9
240567,0345370775,7
240567,0375727345,8
240567,0385504209,10
240567,044021145X,5
240567,0440213525,8
240567,0440214041,5
240567,0440220602,5
240567,044022165X,6
240567,0440222656,9
240567,0440234743,5
240567,0440236673,6
240567,044023722X,8
240567,0440241073,5
240567,0446310786,8
240567,0446364193,6
240567,0446672211,9
240567,0452282152,4
240567,0452282829,8
240567,0553572997,7
240567,0671021001,7
240567,0671027360,7
240567,0679781587,8
240567,068484477X,7
240567,0743237188,0
240567,0804106304,8
242299,0060928336,8
242299,0060930535,0
242299,0060938455,0
242299,0061009059,8
242299,0140293248,8
242299,0142001740,6
242299,0312195516,10
242299,0316666343,0
242299,0345361792,0
242299,0375706771,0
242299,0375707972,0
242299,0375727345,0
242299,0385504209,0
242299,044021145X,0
242299,0440211727,0
242299,0440236673,7
242299,044023722X,9
242299,0446364193,0
242299,044651652X,0
242299,0446605239,0
242299,0449212602,0
242299,0452282152,0
242299,0553572997,0
242299,0671027360,0
242299,0679781587,10
242299,0743237188,10
242299,0743418174,9
242299,0786868716,0
242299,0804106304,0
242299,080410753X,0
251422,0060502258,0
251422,006101351X,0
251422,0140293248,0
251422,0142001740,0
251422,0156027321,0
251422,0312291639,8
251422,0316284955,0
251422,0316769487,0
251422,0345337662,0
251422,0345353145,5
251422,0345378490,0
251422,0385335482,0
251422,0385492081,0
251422,0385504209,10
251422,0439064872,0
251422,044021145X,0
251422,0440211727,0
251422,0440220602,0
251422,0440222656,7
251422,0440224675,0
251422,0440224764,0
251422,0440226430,8
251422,0446310786,10
251422,0446605239,0
251422,0446672211,0
251422,0452282152,7
251422,059035342X,0
251422,0671021001,10
251422,0671027360,0
251422,0679781587,0
251422,0743418174,0
251422,0971880107,1
258534,0060938455,8
258534,0060976845,0
258534,0060987103,0
258534,014028009X,0
258534,0142001740,0
258534,0312291639,0
258534,0312305060,0
258534,0316096199,0
258534,0316284955,0
258534,0316601950,0
258534,0316769487,0
258534,0375700757,0
258534,0375706771,0
258534,0375707972,0
258534,0375725784,9
258534,0385484518,0
258534,0385504209,0
258534,043935806X,0
258534,0440213525,9
258534,0440214041,8
258534,0440220602,0
258534,0440222656,0
258534,0440234743,8
258534,0440236673,0
258534,044023722X,10
258534,0440241073,9
258534,0446606812,0
258534,0446610038,6
258534,0446672211,0
258534,0553279912,9
258534,0679781587,0
258534,0743237188,0
258534,0786868716,0
258534,0971880107,0
260897,0060928336,8
260897,0060930535,0
260897,0060976845,0
260897,006101351X,0
260897,0156027321,0
260897,0312195516,0
260897,0312278586,8
260897,0312305060,0
260897,0316096199,0
260897,0316284955,6
260897,0316666343,9
260897,0345337662,0
260897,0345342968,8
260897,0345353145,0
260897,0345370775,0
260897,0345378490,0
260897,0345417623,0
260897,0345443284,5
260897,0375725784,10
260897,0375726403,9
260897,0375727345,0
260897,0385265700,0
260897,0439064872,0
260897,043935806X,9
260897,044021145X,0
260897,0440211727,0
260897,0440214041,0
260897,0440221471,0
260897,0440222656,0
260897,0440224675,0
260897,0440225701,0
260897,0440226430,6
260897,0440234743,0
260897,044023722X,0
260897,0446310786,8
260897,044651652X,4
260897,0446608955,0
260897,0452282829,0
260897,059035342X,0
260897,0671021001,0
260897,0679781587,0
260897,068484477X,0
260897,0743418174,7
260897,0804106304,0
260897,080410753X,0
260897,0971880107,2
261829,0060930535,0
261829,0156027321,8
261829,0312195516,9
261829,0312278586,0
261829,0316096199,8
261829,0316666343,9
261829,0316776963,1
261829,0345370775,0
261829,0375725784,0
261829,0385335482,0
261829,0385492081,10
261829,0385504209,0
261829,0385720106,0
261829,0385722206,0
261829,0440206154,9
261829,0440211727,7
261829,0440221471,0
261829,0440224675,0
261829,0440224764,0
261829,0440225701,0
261829,0440234743,0
261829,0440236673,0
261829,044023722X,0
261829,0440241073,7
261829,0446364193,0
261829,0446610038,8
261829,0449212602,8
261829,0553572997,0
261829,0671027360,9
261829,067976402X,8
261829,0804106304,0
261829,0842329129,0
261829,0971880107,0
265115,0060928336,0
265115,0060976845,7
265115,0061009059,0
265115,006101351X,0
265115,014028009X,7
265115,0140293248,0
265115,0142001740,0
265115,0156027321,0
265115,0312195516,0
265115,0316284955,0
265115,0316601950,8
265115,0345337662,0
265115,0345353145,0
265115,0375706771,0
265115,0380789035,0
265115,0385265700,0
265115,0385335482,0
265115,0385504209,0
265115,0385720106,0
265115,0440206154,0
265115,0440213525,7
265115,0440214041,0
265115,0440221471,8
265115,0440224675,0
265115,0440224764,6
265115,0440225701,0
265115,0440226430,0
265115,0440234743,0
265115,0440236673,0
265115,0440241073,0
265115,0446364193,0
265115,0446605239,0
265115,0446606812,0
265115,0446608955,0
265115,0553279912,0
265115,0553572997,0
265115,059035342X,0
265115,0671021001,0
265115,068484477X,0
265115,0743418174,0
265115,0842329129,0
265115,0971880107,0
265115,1400034779,10
265313,0060928336,0
265313,0060930535,0
265313,0060938455,7
265313,0061009059,0
265313,006101351X,0
265313,0312305060,0
265313,0316666343,0
265313,0345313860,0
265313,0345337662,0
265313,0345342968,0
265313,0345378490,0
265313,0345417623,0
265313,0385484518,0
265313,0385492081,0
265313,0385504209,0
265313,0439064872,7
265313,0440206154,6
265313,0440211727,0
265313,0440213525,0
265313,0440214041,0
265313,0440220602,0
265313,0440221471,0
265313,0440224675,6
265313,0440224764,0
265313,0440225701,0
265313,0440234743,0
265313,0440236673,0
265313,044023722X,0
265313,0446364193,0
265313,044651652X,0
265313,0446605239,0
265313,0446606812,0
265313,0446672211,0
265313,0449212602,0
265313,0553279912,0
265313,0553572997,0
265313,059035342X,8
265313,0671003755,0
265313,0684872153,0
265313,0842329129,0
266226,0060928336,0
266226,006101351X,0
266226,0140293248,0
266226,0316601950,0
266226,0345339681,5
266226,0345353145,0
266226,0345370775,0
266226,0345378490,0
266226,0375726403,0
266226,0385492081,0
266226,0385504209,0
266226,0385720106,0
266226,043935806X,0
266226,0440206154,8
266226,0440211727,0
266226,0440213525,0
266226,0440221471,0
266226,0440222656,0
266226,0440224675,0
266226,0440225701,0
266226,0440226430,0
266226,044651652X,0
266226,0446605239,0
266226,0446608955,0
266226,0446672211,0
266226,0553572997,0
266226,059035342X,0
266226,0671003755,0
266226,0671027360,0
266226,0671510053,0
266226,0786868716,0
266226,0804106304,9
269566,0060502258,0
269566,0060976845,0
269566,006101351X,0
269566,0142000205,0
269566,0316601950,7
269566,0316666343,0
269566,0345337662,0
269566,0345353145,0
269566,0345361792,0
269566,0345370775,7
269566,0345378490,0
269566,0375700757,0
269566,0375726403,0
269566,0385484518,0
269566,0385492081,8
269566,0440206154,0
269566,044021145X,0
269566,0440211727,0
269566,0440213525,0
269566,0440214041,0
269566,0440220602,0
269566,0440221471,0
269566,044022165X,0
269566,0440222656,0
269566,0440224675,0
269566,0440224764,0
269566,0440225701,0
269566,0440226430,0
269566,0440234743,0
269566,0446364193,0
269566,044651652X,0
269566,0446605239,0
269566,0446606812,0
269566,0449212602,0
269566,0452282829,0
269566,059035342X,7
269566,0671021001,0
269566,0671027360,0
269566,0671510053,0
269566,067976402X,8
269566,0679781587,0
269566,068484477X,0
269566,0804106304,8
269566,0971880107,0
271448,0060928336,10
271448,0060938455,0
271448,0060976845,0
271448,0060987103,9
271448,0140293248,0
271448,0312195516,9
271448,0312291639,10
271448,0312305060,7
271448,0316601950,0
271448,0316666343,10
271448,0316769487,7
271448,0345313860,0
271448,0345342968,0
271448,0345443284,9
271448,0375700757,7
271448,0375706771,0
271448,0375707972,6
271448,0375725784,0
271448,0385720106,0
271448,0439064872,0
271448,043935806X,10
271448,0440213525,7
271448,044023722X,10
271448,0446605239,4
271448,0446672211,10
271448,0452282829,10
271448,059035342X,0
271448,068484477X,7
271448,0743237188,10
271448,0743418174,0
271448,0971880107,2
